"""TOFULICIOUS"" Feasibility Study",1
An Exploratory Research on How Barangay VAW Desk Persons Respond to VAW Victim-Survivors ,2
An Exploratory Study about the Affection of the Elderlies Interactions with the Agency Staff Inside House of Somang,3
"Community Survey of Barangay 658 Intramuros, Manila: Basis in Developing Relevant Community Programs",4
"Community Survey of Barangay 654 Zone 69 District V Intramuros, Manila: Basis in Developing Relevant Community Programs",5
Perception of Selected Young Professionals in Minalungao National park as a Tourist Destination: A Basis for Promitional Video Advertisement ,6
"A Study on the Level of Awareness, Attitude, and Extent of Compliance of the College Students of Intramuros, Manila on the Establishment of Smoke-Free Environment in Public and Enclosed Places: Basis for Advocacy Campaign ",7
The Rise of Career Opportunities in the Esports Industry for Millenials: Basis for a Communication Plan ,8
The Effects of the Assistance in the Lifestyle of the Beneficiaries Featured in Rappler MovePH's #InspireCourage Articles: A Basis for a Video Documentary ,9
"The Awareness, Interest, and Participation of PLM Students Towards Metro Manila Pride in Promoting the Lesiban, Gay, Bisexual, Transgender, Queer+ Community: A Basis for Public Relations Campaign",10
"Online Sexual Objectification of Filipina: A Content Analysis on RBreezy's Facebook ""Memes"" ",11
Perception and Patronage of Conventional Taxi Services (CTS) Commiters on Conventional Taxi Services in Manila City: A Basis for a Public Relations Campaign,12
A Study on the Perception of Respondents on Ninoy Aquino Parks and Wildlife Center as Ecotourism Park and Rehabilitation Center: A Basis for PR Plan ,13
The Effects of Online Body Shaming Among Female Millennials: Basis for a Proposed Advocacy Campaign ,14
Level of Awareness and the Attitude of Pet Owners and Non-Pet Owners of the City of Manila on the Philippine Society for the Prevention of Cruelty to Animals (PSPCA): Basis for a Digital Media Campaign,15
"A Study on the Preservation Efforts of the Weaving Industry by the Three Stakeholders in Paoay, Ilocos Norte: A Basis for Video Documentary ",16
An In-depth Analysis on Ishmael Bernal's Himala (1982) As a Basis for A Film Literacy Guidebook,17
The Role of Escuela Taller in the Conservation and Rehabilitation of the Philippine Built Heritage: Basis for a Public Relations Campaign,18
Assessment of the Communication Strategies in Promoting the Preservation of Sea Turtles in Bataan: Basis for a Civic Education Plan ,19
A Content Analysis on Selected TV Patrol News Reports with Respect to the Comments of the President of the Philippines ,20
"Factors that Determine the Current Status of Pinoy Indie Music and the Challenges in Music Production, Distribution, and Promotion: A Basis for a Media Plan",21
The Level of Awareness and Patronage of Manileño Film Enthusiasts on the Emergence of Alternative Cinema Houses in Metro Manila and their Benefits to Philippine Cinema ,22
Puning Hot Spring and Restaurant as a Wellness Adventure and Experiental Destination: Basis for a Branding Campaign,23
An Assessment on the Promotional Efforts of Shadow Play Organizations Towards Shadow Play as a National Art Form: Basis for Video Production,24
An Assessment on the Promotional Strategies of the Philippine Animal Welfare Society (PAWS) on its Animal Adoption Program Towards the Residents of the City of Manila: Basis for a Promotional Campaign,25
Consumer's Preferences and Appraisal of Bakerite Bakery Pastry Products: A Basis for an Advertising Campaign ,26
"A Case Study on the ""Pagpapanday"" (Blacksmithing) Preservation Efforts of Pozorrubio, Pangasinan: A Basis for Video Documentary",27
An Assesment of the Communication Tools in Promoting the City of San Fernando Pampanga as a Tourist Destination: Basis for a PR Campaign ,28
"A Case Study on the Preservation Efforts of the Pottery Industry in Calumpit, Bulacan: A Basis for Video Production ",29
"An Assessment of the Promotional Efforts and Initiatives Used in the Promotion of the Municipality of Liliw, Laguna as Footwear Capital of Laguna ",30
Internet of Things-Based Electric Switchboard Panel Using Mobile Application as Control Mechanism ,31
Out-Patient Heart Monitoring System Using the Concept of the Internet of Things (iHeart) ,32
Microcontroller-Based Solid Waste Filtration and Monitoring System Applied in Drainage ,33
Microcontroller-Based Monitoring And Maintaining Device for Saltwater Aquarium,34
Microcontroller-Based Automated Solid Waste Sorting Bin and Monitoring System,35
ECollectibles: Mobile Application for locating rare items and predicting future values of collectible items using data mining ,36
I will survive: A Virtual Simulator for Disaster and Emergency Situation ,37
Zen Garden: An Educational Mobile Application about Botany with the use of Augmented Reality ,38
ColApps: A Mobile Application to Identify the Legitimate Public Transportation through Arduino Technology ,39
Business Chooser App: A mobile application that aid small scale entrepreneurs in choosing a better location and type of business,40
Parking Warden: A Mobile Application that Detects Illegal Parking Vehicles through NFC Technology ,41
Nimble (Pedestrian Accident): Death-Causing-Accident through a Virtual Reality Game using VR Box ,42
VirtualPatrol: A Mobile Virtual Reality Training Simulator for Local Newly Recruit Police Officers ,43
Brain-Controlled Computer through Brainwaves using Electroencephalography,44
CoDe (College Decisions): A Data Mining and Analytics Application that would predict the Student Enrolment and Attrition Rate upon Entry for the Current Semester for Pamantasan ng Lungsod ng Maynila ,45
Faus Food: A Mobile Simulation Game Application on Filipino Food Business ,46
TreeTector: An Android Mobile Application that Identifies the Types and Calculates the Ages of the Different Trees in Bulacan and provide consistent and precise soil analysis using Arduino ,47
NetMan: A Network Management Software Applied to PLM Network System ,48
Gym Well: An Augmented Reality that provides proper ways of workout routines based on the scanned gym equipment ,49
HearSay: An Android Mobile Application for the Hard of Hearing and Deaf-Mute People ,50
CALEB: An Android Mobile Application for Preliminary Assessment of Pet's Health Condition with Augmented Reality ,51
Malaria RemoVeR: A Virtual Reality Game that Helps Fight and Prevent Malaria ,52
Virtual Defender: A Virtual Reality Game for Self Defense using Virtual Reality Controller ,53
A Virtual Reality Simulator: Training for Physical Fitness,54
VEAReality: A Virtual Training for BPO Company - Inbound Call for Customer Service ,55
Pamantasan Volleyball Analyzer (PVA): A PLM based mobile application that hepls volleyball coaches analyze and strategize their games using Data Mining ,56
Shazam Outfit: A Mobile Game Application that Brings Out One's Identitu through Outfits Using Artificial Intelligence ,57
Up&Up: A mobile application that provides simulation of the experience on the top destinations in the Philippines through Virtual Reality ,58
Hiretrack: A Data Mining Web-Application for an Online Applicant Evaluation and Employee Appraisal applied in PLM-HRDO,59
Disaster Simulation: Mobile Game Application Using Artificial Intelligence ,60
Ready Pinoy!: An Augmented Reality Mobile Application to Guide People about the Proper First Aid ,61
Acid-dent: A research study that helps Filipino fishermen to measure and identify the acidity of Philippine seawater,62
Greenovate: A Mobile Based Application that Monitors and Improves Crop Production Despite the Effects of Climate Change using Data Analytics,63
Cooktect: A Mobile Application that provides Recipe based on Available Ingredients via QR Code ,64
Bullying Experiences of Male and Female Preschoolers in a Private School as a Basis for Behavior Awareness Program,65
Level of Parental Monitoring and Fine Motor Skills Development of Kindergarten Learners: A Basis for Enhancement Activity,66
Values Development of Kindergarten Pupils: Basis for Homeroom Guidance Module. ,67
Print Environment and Emergent Love for Reading of Preschool Pupils Towards a Proposed Five C's of Literacy-Rich Classroom Program,68
Audio-Visual Aids and Kindergarten Pupils' Attention Span: Towards A Teacher's Guide on the Use of Technology,69
Story Comprehension of Kindergarten Pupils Using Interactive Storytellling Strategies: Basis for a Mini-learning Plan for Teachers,70
Parental Involvement and Kindergarten Learners' Speaking Ability: Basis for a Seminar on Awareness and Developing Parenting Practices,71
The Effectiveness of Memes in Encouraging Participation in Science Class,72
Performance in a Science Retention Skill after Participating in a Traditional Game and in E-Game,73
Performance in a Science Test of Lecture-Taught and Flipped Class-Taught: Towards Improved Instruction ,74
K to 12 technical-Vocational-Livelihood Track and Job Oppurtunities,75
The Implications of Fake News to the Attitudes of Grade 8 Students: Basis for a Proposed Information Campaign Towards Social Responsibility on Using Social Media,76
Levels of Pornography Exposure among Teenagers ,77
"Impact of Laboratory Facilities to Learning and Teaching of Science, An Evaluation of Substitute Activities",78
"A Five Year Financial Plan for Integrated Waste Management, Incorporated ",79
A Strategic Financial Plan (San Miguel Brewery Inc) ,80
Five Year Financial Plan for New Ping Ping Lechon and Restaurant Inc. ,81
A Strategic Financial Plan (South Asialink Finance Corporation) ,82
A Five Year Financial Plan of Ace Promotions and Marketing Corporation ,83
A Five Year Financial Plan of Mc Philips Food Industries Inc. ,84
A Five Year Financial Plan of Tondo Foreshore Market Vendors Development Cooperative ,85
"A Five Year Financial Plan for Manila Bay Spinning Mills, Inc. ",86
A Five Year Financial Plan for Northcom Security and Investigation Agency Inc. ,87
A Five Year Financial Plan for Ohana Trading Corporation ,88
A Five Year Financial Plan for Worldwide Service Provider Cooperative,89
A Five Year Financial Plan for Phil-Nippon Kyoei Corporation,90
A Five Year Financial Plan for Agno Metal Trade,91
A Five Year Financial Plan of Alpa Plumbing Works Inc. ,92
"A Five Year Financial Plan for Emerson Network Power, Inc. ",93
A Five Year Financial Plan of Paco Soriano Pandacan Development Cooperative,94
Five Year Financial Plan of Ark Travel Express Inc. ,95
A Five Year Financial Plan for Everfirst Loans Corporation,96
A Five Year Financial Plan for Triple Excellence Marketing Services Inc. ,97
A Five Year FInancial Plan for Manila Hotel Corporation ,98
A Five Year Financial Plan of SteelAsia Manufacturing Corporation,99
A Five Year Financial Plan for Roxas Food Ventures Inc. ,100
Feasibility Study: Employees Provident Fund,101
"A Five Year Financial Plan for Red Ribbon Bakeshop, Inc. ",102
"Five Year Financial Plan of The Caramel Pearl, Inc. ",103
Five Year Financial Plan: Lead Core Technology Systems Inc. ,104
A Five Year Financial Plan for The Electric Group (Phil.) Corporation,105
A Strategic Financial Plan: SFA Semcon Philippines Corporation,106
A Five Year Financial Plan of Fastrust Services Inc. ,107
A Five Year Financial Plan for HB Lumbang Electric and Industrial Corporation ,108
A Strategic Financial Plan: PLDT Inc. ,109
Five Year Financial Plan of Aprisa Business Process Solutions Inc. ,110
Enhancing the Skills in Solving Word Problem of Grade Nine Students Through Programmed Instruction and Mathematics Dictionary,111
Enhancing the Level of Participation of Grade 9 Students in Algebra Using Brain-Based Learning Strategies,112
Implementing Class Preparation Assignments for Enhancing the Participation of Learners in First Period Subject Mathematics,113
Vocabulary Enrichment Towards Higher Level of Understanding of Mathematical Concept of Grade 7 Students,114
Game-Based Learning and Self-Reflection Assessment: Helping Grade 8 Students Cope with Mathematical Anxiety,115
Increasing the Level of Motivation in Mathematics Activities Through reward System,116
Real-Life Scenario Application and Mathematics Appreciation of Grade 8 Students,117
Enhancement of Learning Retention in Mathematics of Grade 9 Students: Traditional and Experiential Learning Methods,118
Using Collaborative Activities in Enhancing Students' Ability in Soilving Word Problems,119
Improvement of the Pre-requisite Skills in Polynomials Using Review and Remedial Class,120
Enhancing the Skills of Grade 7 Students in Performing Fundamental Operations on Integers through Bridge System and Story Problem Technique,121
Perception on Marital Conflict as a Motivation on Academic Performance,122
Emotional Intelligence as Correlates to Coping Strategies on Academic Adjustment among First Year College Students,123
Filipino Male Body Image: Factors Influencing Satisfaction and Drives of College Students from a Manila Local University Towards an Ideal Body,124
The Resilience and Coping Mechanisms Used on a Heterosexual Romantic Relationship Dissolution by Undergraduate Students of Pamantasan ng Lungsod ng Maynila,125
Substance Abuse and Resiliency among Troubled Youth,126
Sleep Deprivation as Correlates to Psychological Well-being of Selected College Students,127
Grit and Optimism as Predictors of Psychological Well-being,128
Personality Traits as Correlates to Decision-Making Among Student Leaders: Basis for Leadership Training Program,129
The Role of Family Structure on College Students' Life,130
Demographic Profile and Gratitude among Individuals with religious Involvement,131
Online Gaming and peer Social Interactions: Implications of defense of The Ancients (DOTA 2) and League of Legends (LoL) to Gamers Studying at Pamantasan ng Lungsod ng Maynila,132
The Correlation of Lte-Night Screen Time to Depression among Filipino College Students in a Selected Local State University,133
Demographic Profile nad Level of Resilience as Correlates to Coping Strategies of Parents of Children with Special Needs: Basis for Parental Adaptability Program,134
Coping Strategies of Student Leaders for the S.Y. 2018-2019 of Pamantasan ng Lungsod ng Maynila,135
Coping and Self-Efficacy of Filipino Young Adults Who Grew Up in a Single Parenting Household,136
An Exploration of the Psychological Well-Being of Adolescents Living at a Home Care Center,137
The Difference between the Social Networking  Sites Usage and Self-Esteem of Female and Male BS Psychology Students,138
Self-Concept Among Male Adolescents with Absentee Fathers: Basis for Strengthening Support Systems,139
Using Social Proof Signs to Affect the Littering Behavior of Students Using Gazebos in a Local Manila University,140
Street harassment as correlates to Psychological distress among selected female high school students,141
Playing Musical Instruments as Correlates to psychological Well-being,142
A Correlational Study on Paternal Love Language and Resilience among Graduating Students of Pamantasan ng Lungsod ng Maynila,143
Perceived Acceptance Across Significance Relationships of Alcohol Consumers Among Graduating College Students,144
Perceived Parenting Style and Life Satisfaction Among Selected Filipino Adolescents,145
Inventory of the Insects Found in Arroceros Forest Park (Manila City) and Town & Country Southville Subdivision (Biñan City),146
"An Inventory of Insects in Intramuros, Manila",147
"Prevalence of Trypanosoma evansi Infection in Cattle from Naic and Dasmariñas, Cavite",148
"Inventory of Macrofungi in Mt. Malindig, Brgy. Sihi, Buenavista, Marinduque",149
Bioaccumulating Capacity of Pakong-tubig (Ceratopteris thalictroides) Exposed to Different Concentrations of Cu (II),150
In vitro Antocogulant Potential of Citrus maxima (Burm.) Merr. 'Suha' Leaf Crude Extract Using Prothrombin Time Assay,151
In Vitro Study of Anthelmintic Potential of Bayag-usa (Voacanga globosa) Leaf Extract against Dog Hookworm (Ancylostoma caninum),152
"Survey of Plants Used by the Itawis in Traditional Health Care Practices in Basi, Solana, cagayan with notes on Lethality Activity Using Brine-Shrimp (Artemia salina) Bioassay",153
"Inventory of Gastropods in Brgy. Union, Libertad, Antique",154
Effect of Varioud Concentrations of Iron Oxide (Fe?O?) on the Phagocytic Activity of Hemocyte and Histological Changes on Hepatopancreas and Gill Tissues of Macrobrachium rosenbergii (Giant Freshwater Prawn) Post larvae,155
"Identification of Gram-Negative Bacteria in Philippine-Cupped Oysters (Crassostrea iredalei) From Selected Seafood Port Stations of Parañaque, Las Piñas and Cavite City",156
Antifungal Potential of Tungkod-pare (Cordyline fruticosa) Crude Leaf Extract on Fusarium solani,157
Antagonistic Potential of Enterococcus faecalis on Citrobacter freundii in vitro,158
"Microbial Analysis of Groundwater in Brgy. Molino 2, Bacoor, Cavite",159
"Identification and Distribution of Mangrove Trees in Barangay Taliptip, Bulakan, Bulacan",160
"Antimicrobial Potential of Amazon Lily (Eucharis amazonica) Methanolic Crude Extract Against Staphylococcus aureus, Escherichia coli and Candida albicans",161
Germination of Selected Seeds Passing the Gut of Malayan Box Turtle (Cuora amboinensis) with notes on Endozoochory,162
"Detection of Gastrointestinal Coccidia in Domestic Pigs and Cows Obtained from a Slaughterhouse in Vitas, Tondo, Manila City",163
Effects of Motor Oil Contamination on th Growth and Development of Lettuce (Lactuca sativa),164
Formulation of Tissue Culture Medium Using White Oyster Mushroom (Pleurotus florida) In Vitro,165
"Prevalence of Trypanosoma evansi Infection in Cattle (Bos taurus) from tagaytay and Silang, Cavite using Blood Smear Technique",166
"Inventory of Epiphytes on the Walls of Intramuros, Manila",167
"Antimicrobial Potential of Malakmalak (Palaquium philippense) Crude Leaf Extract on Pseudomonas aeruginosa, Staphylococcus aureus and Candida albicans",168
"Antimicrobial Potential of Methanolic  Crude Leaf Extract of Clerodendrum macrostegium (Kasopangil-na-Puti) on Staphylococcus aureus, Pseudomonas aeruginosa and Candida albicans",169
Inventory and Carbon Stock Assessment of Trees in the Riverbanks of Marikina City,170
"Inventory of Basidiomycetes in Mount Dibudalan in Barangay Zabali, Baler, Aurora with notes on other Macrofungi",171
Inventory of Volant Mammals in Selected Districts of Manila,172
Hypoglycemic Potential of Crude Extract of Talinum paniculatum (Jacq.) Gaertn Leaves in Alloxan-induced Diabetic Mice (Mus musculus),173
"Inventory of Gastropods in Romblom, Romblon Island, Philippines",174
Social Media use as Correlates to Procrastination among College Students ,175
Rape Myth Acceptance as Correlates to the Attitude towards Rape Victim of First Year Psychology Students at Pamantasan ng Lungsod ng Maynila,176
Psychological Effects of Owning a Dog among FIlipino Adults,177
Perceptions on Self-Regulated Learning of PLM Medica Students: A Qualitative Study,178
The Coming Out Stories of the LGBT Students in Pamantasan ng Lungsod ng Maynila,179
Humor as Correlates to Stress Among Selected College Students: Basis for a Guidance Intervention Program,180
Family Structure on Locus of Control,181
The Correlation of Spirituality and Resilience Among Freshmen Undergraduate Students of Pamantasan ng Lungsod ng Maynila ,182
Intelligence as Correlates to Depression among College Students: A Basis for Behavioral Management Program,183
Anxiety as Correlates to Emotional Intelligence among First Year BS Entrepreneurship Students of PLM,184
Mental Health in an Emerging Country: Perception towards Mental Health Among Adults of Metro Manila,185
Perceived Acceptance and Sense of Belonging Among LGBTQ College Students of Pamantasan ng Lungsod ng Maynila ,186
Silip sa Nakasarang Pinto ni Dyoker: A Phenomenological Study on Filipino Stand-Up Comedians,187
Sexual Orientation and Gender Identity and Expression in the Societal and Familial Contexts: The Lived Experiences of Filipino Gay Sexual Minorities in Adulthood,188
Bullying as predictors of Depression ,189
Dating Infidelity: The Arising Dilemma of Unfaithfulness in the Modern Time ,190
Relationship between Self-Handicapping Anxiety among First Year Psychology Students of Pamantasan ng Lungsod ng Maynila ,191
Work Motivation as Correlates to Professional Quality of Life Among Mental Health Nurses in Various Mental Institutions around Metro Manila ,192
Demographic Profile and Perceived Gender Discrimination as Correlates to Employee Performance: Basis for Gender Sensitivity Training Program ,193
Sa totoo lang friend; The Benefits of Being Candid ,194
Music Preference of Selected 4th Year Students in Pamantasan ng Lungsod ng Maynila as Correlates to Optimism ,195
The Attitudes toward Self-Esteem and the Perceptions of Resiliency among Female Prostitutes within the City of Manila ,196
The Relationship Between Body Dissatisfaction and Self-Esteem Among Female First Year College Students,197
Unveiling the Conventional and Whatnots: Premarital Sexual Permissiveness from the Perspectives of Filipinos Categorized in Generations X and Z at Pamantasan ng Lungsod ng Maynila ,198
An Animal with a Human Heart: Effects of Having an Emotional Support Animal in the Lives of People with Anxiety and Deppression,199
The Correlation Between Pet Attachment Style and Pet Bereavement Among the 4th Year College Students of Pamantasan ng Lungsod ng Maynila ,200
The Effect of Social Approval Gained through Facebook to the Self-Esteem of Adolescents,201
Relationship Between the Adversity Quotient and Psychological Well-being of Psychology Students of Pamantasan ng Lungsod ng Maynila ,202
Histological Analysis of Milkfish (Chanos chanos) Liver from Selected Areas of Laguna Lake with notes on Lead and Manganese Concentrations and Hepatosomatic Index,203
Species Richness of Vascular Epiphytes in the Neotropical Region,204
"Potential Medicinal Uses of Purple heart (Tradescantia pallida), San Francisco (Codiaeum variegatum) and Talisay (Terminalia catappa) - A Review",205
Analysis of Copepod Species in Selected Countries in Southeast Asia,206
Analysis of Cytotoxic Activities of Select Plant Extracts against A549 - Lung Adenocarcinoma Cell Line,207
"Antibacterial Properties of Cacao (Theobroma cacao), Lead Tree (Leucaena leucocephala_ and Tibig (Ficus nota) extracts against Salmonella typhimurium: A Review",208
Anti-Angiogenic Activity of Katmon (Dillenia philippinensis Rolfe) Leaf Crude Extract using Chick CAM Assay,209
Antihyperglycemic Potential of Crude Extract of Bruguiera gymnorrhiza (Large leaf orange mangrove) on Alloxan-induced Mus musculus (White Mice),210
"Inventory of the Herpetofauna in Bulan, Sorsogon",211
Identification of Enteric bacteria in Selected Viands Sold in a University in Manila,212
"Prevalence of Trypanosoma evansi in Cattle (Bos taurus) from Maragondon and magallanes, Cavute through Blood Smear Technique",213
Antifungal Potential of Anuang (Kyllinga monocephala Rottb.) against Truchophyton rubrum,214
Carbon Stock Assessment and Inventory of Trees in Three Selected Areas of Rizal park,215
"An Inventory of Arachnida in Intramuros, Manila",216
Effect of Water Lettuce (Pistia stratiotes) Vermicompost on the Growth of Tomato (Solanum lycopersicum),217
Radioprotective Potential of Leaf Extract of Sapinit (Rubus rosifolius) On the Sperm Count and Sperm Morphology of y-Irradiated Mice (Mus musculus),218
Ethnomedicinal Plants and Healthcare Practices among kankana-eys of Mountain Province with Notes on Cytotoxicity of the Most Commonly Used Plant Species,219
"Ethnomedicinal Practices by the Hanunoo Tribe in Barangay Benli, Bulalacao, Oriental Mindoro With Notes on the Lethal Activity of Three Selected Plant Species",220
Anti-angiogenic Potential of Dog's Tongue (Pseudelephantopus spicatus (Juss.) Rohr.) Plant Extract in Chick Chorioallantoic membrane,221
"Survey of Marine Gastropods in Rizal, Gubat, Sorsogon with Notes on Other Freshwater Species in the Area",222
Relationship between Body Image and Level of Self-Esteem Among Selected Female Adolescents of a Local University,223
The Academic Self-Efficacy Among Students Who Took The K-12 Curriculum and The Revised Basic Education Curriculum,224
Relationship of Parenting Styles and Self-Esteem Among Selected Senior High School Students ,225
Self-Concept of Grade 10 Students with OFW Parents as Compared to Students with Non-OFW Parents in De La Salle Araneta University ,226
Attitudes as Correlates to the Support of Heterosexuals towards LGBT in the Philippines ,227
Emotional States as Correlates to Self-Esteem among Deaf in Philippine School for the Deaf,228
Experience of Bully Victimization and Resilience Among First Year College Students of PLM ,229
JOLLICS Compiler,230
Mobizilla Compiler ,231
An Enhancement of Text-Based CAPTCHA ALgorithm Using Splitting and Rotating Applied in Web Security ,232
Shortstraw Algorithm Applied in Draw-a-Person Test Using Android Mobile Application,233
An Enhancement of ROCK Clustering Algorithm Applied in a Recommender System ,234
Social Media Compiler,235
Rook Compiler,236
PCxD Compiler,237
Olympiad Compiler,238
C:\Drive Compiler,239
Manor House Compiler,240
HuMac Compiler,241
MillenialCS Compiler,242
MTG Compiler,243
BWorm Compiler,244
UFC ++ Compiler,245
An Enhancement of Levenshtein Algorithm Applied in Spell Checker System ,246
Mobile Application for Hospital Tracking Using A* Algorithm,247
An Enhancement of Double Metaphone Algorithm Applied in Spell-Checker and Corrector for Filipino Language,248
Enhancement of Term Frequency-Inverse Document Frequency (TF-IDF) Appplied in Automatic Keyword Generation for Blogging System,249
An Enhancement of Seam Carving Algorithm in Effective Image Resizing,250
Adaptive E-Learning Web Application Using State-Action-Reward-State-Action (SARSA) Algorithm for English Subject of Students in Secondary Education ,251
Further Enhancement of Jump Point Search Algorithm Applied in Pathfinding in a Cave Explorer,252
A Further Enhancement of the Simple Naive Algorithm Applied In-Text Summarizer,253
An Enhancement of the Structure of Burrows-Wheeler Compression Algorithm Applied in Text Encryption,254
Online Grocery System Using Apriori Algorithm Applied in Identifying Associated Brands for Data Analysis ,255
A Further Enhancement of Porter 2 Stemming Algorithm Applied in the Catalog of PLM Library,256
An Enhancement of the Hill Climb Algorithm Applied in a Tour Planner Application ,257
An Enhancement of Reverse Encyption Algorithm (REA) Applied in Database Encryption and Decryption for Inventory Management System ,258
A Mobile Application Using Matrix Factorization Algorithm for Travel Itenerary Recommendation,259
Jflate Algorithm: A Combination of JBIG2 and Deflate Aplplied in PDF File Compression,260
An Enhancement of Random Forest Algorithm Applied in Credit Card Fraud Detection System ,261
Plagiarism Detection Application Using Enhanced Rabin-Karp Algorithm,262
An Enhancement of Passpoint Algorithm Applied in Picture Password Application Using Android Smartphone,263
An Enhancement of JPEG Algorithm Applied in Image Compression,264
An Enhancement of Linear Congruential Generator Applied in Bingo Card Generation and Number Calling,265
An Enhancement of HPA* Pathfinding Algorithm Applied on Nightmares ,266
An Enhancement of Barcode Localization Algorithm Applied on Camera-Based Barcode Reader,267
An Enhancement of IDA* Search Algorithm Applied in Path Finding of a Maze-Related Game Named The Labyrinth,268
A Further Enhancement of OCR's Two-Pass Image Labeling Algorithm Used for Converting Scanned Text Documents into an Editable and Searchable Data ,269
An Enhancement of Backpropagation Algorithm Applied to Intelligent Personal Assistant Development Platform,270
An Enhancement of Procedural Dungeon Generation used in Pixel Dungeon,271
A Further Enhancement of Paul Graham's Bayesian Algorithm Applied in Spam Filtering,272
An Enhancement of A* Path-Finding Algorithm Applied in Maze Solver,273
A Further Enhancement of the Steganography Algorithm to Hide Secret Message Inside an Image,274
A Further Enhancement of Boyer-Moore Algorithm Applied in Braille Translation ,275
An Enhancement of Secure Hash Algorithm-1 Applied in LinkedIn to Secure Users; Passwords,276
ZNER-ECNIV: An Enhancement of Inverse-Indexing Algorithm Applied on Information Retrieval,277
An Enhancement of Eigenface Algorithm Applied in Missing People Tracer,278
Enhancement of Perceptual Hashing Algorithm Applied on Insight Application,279
An Enhancement of Stroke Width Transform Algorithm Applied in Text Detection in Images,280
Radioprotective Potential of Leea manillensis syn. guineensis (Abang-abang) Leaf Extract on gamma-irradiated Human Blood Lymphocytes in vitro,281
Hypolipidemic and Weight Reducing Potential of the Fruit Pulp Extract of Tiesa (puteria campechiana) in High-carbohydrate Cafeteria Diet-fed Mice (Mus musculus),282
Production of Biological Stains from Hylocerus polyrizhus (Dragon Fruit) and beta vulgaris (Red Beet) Ethanolic Extracts for Ancylostoma caninum Filariform Larvae,283
Anti-angiogenic Potential of Coat Buttons (Trida procumbens) Leaf Crude Extract using CAM Assay,284
"Histological Effects of Heavy Metal on Selected Organs of Decapterus macarellus (Galunggong) Found in Baseco Market, Tondo, Manila",285
Hyperuricemia Inhibition and Nephroprotective Potential of Zamboangenita (Asytasia gangetica) Leaf Extract in white mice (Mus musculus),286
"Antimicrobial Potential of Shaggy Mane (Coprinus comatus) Crude Extract on Bacillus cereus, pseudomonas aeruginosa and Candida albicans",287
Re-emergence of Disease-Causing Bacteria: Bordetella pertussis and Corynebacterium diphtheria,288
Anti-hyperglycemic Potential of Doña Aurora (Mussaenda philippica A. Rich.) Sepal Extract on Alloxan-Induced Mice,289
Anti-hyperglycemic Potential of Orange Bracket (Pycnoporus sanguineus) Crude Extract on the Alloxan-Induced Mice,290
Repellent Effect of Peppermint (Mentha piperita) Against Chtonobdella meyeri Leeches in Mt. Makiling,291
Detection of Microbial Contaminants in Counterfiet Cosmetics Sold in Manila,292
Bacterial Analysis of Selected Sandwich Spreads Sold in a Local Market in Manila,293
Limnoterrestrial Tardigrade Diversity: A Review and Metanalysis,294
Perception of ITHM Students on the Work Conditions on the Tourism and Hospitality Industry,295
Commitment of Tourism and Non-Tourism Graduates in Pursuing Career in Tourism Industry,296
"Perceived Human Impacts of La Mesa Ecopark to the Residents of Lagro Subdivision in Terms of Peace, Pollution, Physical Improvements and Privacy",297
Effectiveness of Corregidor as a Dark Tourism destination,298
The Influence of Travel Blogs on Travel Planning,299
The Influence of Social Media in Air Travel Decision-Making Process of the Youth,300
Assessment on Cedarhills Garden Center as a Model for Agri-Tourism Site in Urban Areas in the Philippines,301
Service Quality of No-Frills Domestic Carriers Based on the In-flight Experinces of Passengers,302
Contribution of the Footwear Industry on the Local Tourism of Marikina City,303
An Assessment of Tourist Satisfaction in Minalungao National Park,304
The Evaluation of Vigan City's Tourism Webpage by the Senior Tourism Students of Pamantasan ng Lungsod ng Maynila and Information Technology Professionals,305
The Economical Impact of Tourism among the Working Force of Balite Falls,306
"Travel Agencies in Malate, Manila: Extrinsic Challenges and Changes",307
The Utilization of Travel Information Through Electronic Word-of_mouth Communication of Tourists Visiting Intramuros,308
The Perceived and Preferred Teaching Styles of B.S. Accountancy Students of Pamantasan ng Lungsod ng Maynila for A.Y. 2016-2017,309
"Academic Self-Efficacy, Study Habits and Motivation of Board Takers: Its Correlation to their CPALE Performance",310
"Finance, Human and Technology: An Evaluation for Leveraging",311
Correlation of the Board Subjects Between the Academic Grades and CPA Licensure Examination Rating of the Pamantasan ng Lungsod ng Maynila Board Takers,312
Correlation Between Fourth-Year PLM BSA Students' Financial Knowledge and Their Behavioral Tendencies Toward Spending and Savings,313
Perception of Pamantasan ng Lungsod ng Maynila Accountancy Students on Accounting Profession,314
A study on the Compliance of Jeepney Operators of Tayuman- Pritil Route to the 3% Common Carriers Tax Imposed by the Bureau of Internal Revenue,315
"A Project Feasibility Study on Broiler Contract Growing Business in Brgy. Catandala, Batangas City, Batangas",316
An Assessment of Career Preference of the Millenial Bachelor of Science in Accountancy 4th Year Students of Pamantasan ng Lungsod ng Maynila,317
Analysis of Soft Skills and Attributes for Entry-level Career Success,318
The Perception of the Fourth Year Bachelor of Science in Accountancy of Pamantasan ng Lungsod ng maynila of the Academic Year 2015-2016 on having On-The-Job Training and Thesis in One Semester and the Outcome on their Academic Performance,319
The Perception of the Computer-Accounting Skills of Pamantasan ng Lungsod ng Maynila B.S. Accountancy Graduates in Relation to their Employability in Companies in Intramuros,320
"An Enhancement of Knuth, Morris and Pratt Algorithm Applied in DNA Sequence Matching",321
An Enhancement of Dijkstra Algorithm with Jump Point Search Algorithm Applied in Pacman Game,322
An Android Mobile App for Automatic Centralized Scheduling System Applying Chaid Algorithm,323
An Enhancement of Bellman Ford Algorithm Applied in Route Calculator,324
An Enhancement of Genetic Algorithm Applied in Courier Vehicle Routing,325
An Enhancement of OpenCFU Image Processing Algorithm Applied in OpenCFU Colony Counting Software ,326
An Enhancement of GeoHash Encoding Algorithm Applied in Finding Nearby and Nearest Establishment for Android Phones,327
A Further Enhancement of RSA Algorithm Applied in a Client-Server Architecture,328
An Enhancement of El Gamal Encryption Algorithm Applied in MD Message Controller through Mobile SMS ,329
An Enhancement of Secure Hash Algorithm-256 Applied on Password Hashing of Plain-text in the Log-In Process of a Chat Forum Mobile Application ,330
An Enhancement of Multinomial Naive Bayes Algorithm Applied in Spam Detection,331
An Enhancement of Alom's Algorithm Applied in Finding Vertex Cover,332
An Enhancement of  NRMP Matching Algorithm Applied in Course Allocation of Incoming College Students in Pamantasan ng Lungsod ng Maynila,333
A Further Enhancement of Rabin-Karp Algorithm Applied in Plagiarism Detection,334
An Enhancement of Rule-Based Algorithm Applied in Sudoku Puzzle Solving ,335
An Enhancement of LSB Algorithm Applied in an Audio Steganography Application,336
A Further Enhancement of the Term Frequency Inverse Document Frequency Algorithm Applied in Document Search Engine,337
A Further Enhancement of Tagalog Stemming Algorithm Applied in Tagalog Dictionary Searching,338
A Further Enhancement of Least Significant Bit Algorithm Applied in Image Steganography,339
An Enhancement of PageRank Algorithm Applied in Google Search Engine,340
"KALAT: Kunin-All-Lost-Art-In-Trash using ""Vanilla"" Policy Gradient Algorithm for Recycling Mobile Application ",341
An Enhancement of Digital Signature Algorithm Used in Data Authentication Applied in Kleopatra,342
An Enhancement of Simple Naive Algorithm Applied in Text Summarizer ,343
An Enhancement of Honey Encryption Algorithm Applied in ThinkGeek Online Shopping,344
An Enhancement of the ITRU Encryption Algorithm Applied in Mobile Instant Messaging Client Applications,345
Enhancement of the Cellular Automata Algorithm Applied in Cave Map Generation ,346
An Enhancement of Background Subtraction Algorithm Applied in Sign Language Detection,347
An Enhancement of Edge-Enhance Maximally Stable Extremal Region Applied on Text Detection of Natural Scene Image,348
An Enhancement of Sauvola-Shafait's Thresholding Algorithm in Effective Document Image Binarization ,349
A Further Enhancement of K-Medoid Clustering Algorithm Applied on Blood Donor Behavior Segmentation,350
A Further Enhancement of Vickrey-Clarke-Groves (VCG) Algorithm Applied in an Online Combinatorial Auction,351
An Enhancement of Term Frequency - Inverse Document Frequency Algorithm Applied in Document Retrieval System,352
An Enhancement of PassFace Algorithm for Computer Application's Graphical Password Authentication,353
A Further Enhancement of the Normapi Algorithm Applied in Filipino Text Message Mobile Application,354
Further Enhancement of the Gibberish Classification Algorithm Applied in Gibberish Text Document Analyzer ,355
An Enhancement of CUED Click-Point Algorithm Applied in Graphical User Authentication,356
An Enhancement of J-Bit Encoding Algorithm Applied in File Compressor System ,357
Motivation and Volition: A Study on the Dilatory Behavior of First Year to Fourth Year Bachelor of Science in Accountancy Students in Pamantasan ng Lungsod ng Maynila A.Y. 2016-2017,358
A Correlative Study of the 3rd and 4th Year PLM BSA Students' Perception of the Class Schedule and their Final Grade in Financial Accounting and Reporting,359
Study Orientation and Fundamental Knowledge as Factors Associated with the Academic Performance in Financial Accounting and Reporting 1 of BS Accountancy (BSA) 2nd Year Students in Pamantasan ng Lungsod ng Maynila (PLM) A.Y. 2016-2017,360
The Perceived Academic Self-Efficacy of Selected Fourth Year and Fifth Year Accounting Students of Pamantasan ng Lungsod ng Maynila Under Work-based Learning,361
An Evaluation of Expectations and Actual Experiences of PLM BSA Fourth Year Students A.Y. 2016-2017 on their Internship Program,362
Criticial Accounting Information Technologies: The Level of Self-Perceived Knowledge and Competence of Pamantasan ng Lungsod ng Maynila Accountancy Students,363
Grade 11 Accountancy and Business Management Strand in Pamantasan ng Lungsod ng Maynila for the S.Y. 2016-2017: An Examination of Their Perception on Accounting Profession,364
An Analysis of Accounting Procedures for Biological Assets Employed by Small-Medium Sized Piggery Enterprises in District IV of Bulacan,365
The Effect of Sleeping Duration to Academic Performance in Financial Accounting & Reporting I and II of fourth Year Accountancy Students of Pamantasan ng Lungsod ng Maynila for the A.Y. 2016-2017,366
Factors Affecting CPA Licensure Examination Performance: A PLM Graduate's Insight,367
The Effectiveness of Accounting Information Systems on Business Organization,368
An Analysis on Perception and Attitude of Pamantasan ng Lungsod ng Maynila's Bachelor of Science in Accountancy Fourth-Year Students on Corporate Social Responsibility,369
Five-Year Financial Plan of Windtech Energy Conservation Inc.,370
"Five-year Financial Plan for Power, Manufacturing and Marine Works Inc.",371
"A Strategic Financial Plan for Alpha Insurance & Surety Co., Inc.",372
"A Strategic Financial Plan for Asian Bridge Express, Inc. ",373
A Strategic Financial Plan for Transprint Corporation,374
A Strategic Financial Plan for D.M. Wenceslao & Associates Incorporated ,375
A Strategic Financial Plan for JoTech Packaging Corporation,376
A Strategic Financial Plan for Cargohaus Inc. ,377
A Strategic Financial Plan for Save Money Trading Incorporated,378
A Strategic Financial Plan for Manila Water,379
A Strategic Financial Plan for Queso de Camote,380
Feasibility Study Product: Queso de Camote,381
Feasibility Study Product: Banana Burger,382
Feasibility Study Weightlifting Torta,383
Feasibility Study Lèvre,384
Strategic Marketing Plan 2018 for Blend 45 3-In-1 Coffee Mix,385
"Strategic Marketing Plan 2018 for LBC Express, Inc",386
Strategic Plan for Nescafe,387
Strategic Marketing Plan for Nature's Spring Purified Water/PSWRI,388
Strategic Marketing Plan for Summit Natural Drinking Water,389
Palawan Pawnshop Incorporation,390
2017 Strategic Marketing Plan for JRS Express,391
Strategic Marketing Plan for Hotel H2O,392
Strategic Marketing Plan for 2018 of Pure Foods Tender Juicy Hotdog,393
"Strategic Marketing Plan 2017 for St. Peter Plan, Inc.",394
Republic Biscuit Corp. (REBISCO),395
Strategic Plan 2017 for Globe Telecommunication,396
Strategic marketing Plan 2017 for Uber Apps Incorporation,397
Strategic Marketing Plan 2018 for Cibo Incorporated,398
Strategic Marketing Plan for Mont Albo Massage Hut,399
Brother,400
Strategic Marketing Plan for Hapee Toothpaste,401
Entering the Realm of Toy Collectors,402
Risk Factors and Effects to College Students,403
Perceived Work-Related Stressors and Its Effects among Human Resource Personnel: Inputs to Effective Coping Strategies,404
The Aftermath of Attempting Suicide: Episodic Narratives of Suicide Attempt Survivors in Metro Manila,405
Self-esteem as a factor of suicide ideation among Engineering Students,406
Correlation between aggression and depression among Filipino college students: basis for resiliency program for emerging adults,407
Perceived stress and positive thinking among graduating college students of Pamantasan ng Lungsod ng Maynila,408
Mag exercise tayo tuwing umaga: motivation and perception of early adult toward exercise,409
Correlation between parenting style of Filipino Police fathers and social personality of their children in selected precincts in Manila,410
Perceived stress levels and coping strategies of students taking up board and non-board courses: basis for student mental health program,411
Job satisfaction and affective well-being among house parents at a public home care,412
The correlational study between depression and academic performance,413
The role of demographic profile to meaning of work of selected Filipino workers in Makati: basis for enhancing employee engagement,414
Millennials vs generation X: stereotypes in the workplace,415
Study on the attitude towards death risk associated with police works amongst BS Criminology students,416
Depression as correlates to binge-eating among adolescents: inputs to personality adjustment program,417
The correlation of caffeine intake to depression among female college students: basis for happiness management program,418
A phenomenological study of selected freshmen college students with OFW parents experiences on parental absence in Pamantasan ng Lungsod ng Maynila,419
An analysis of the perception of adults toward youth suicides,420
Resilience as correlates to the academic performance among irregular students from Pamantasan ng Lungsod ng Maynila,421
The relationship between burnout and self-compassion among the Psychology students of Pamantasan ng Lungsod ng Maynila,422
Demographic profile and workplace belongingness as correlates to employee engagement among the employees of a local government unit,423
Language learning strategies used by male and female foreign missionaries in the acquisition of the Filipino language,424
Ignorance of sex education and the rampant cases of unwanted pregnancies among teenagers,425
Individual Responses Towards Catcalling Across Genders,426
"Adam, Eve and the third sex: perceptions and attitudes of the heterosexual members of a religious organization towards the LGBTQIA+ community",427
Interplay of knowledge and attitudes among grade 10 students ragrding HIV,428
The correlations of music preference and depression among college Filipino students,429
The effects of preferred music on memory recall among Senior High School Students,430
Abstract reasoning ability as correlates to aggressive behaviors among 1st year BS Nursing students of PLM,431
The level of procrastination and reasons for procrastination of Bachelor of Science in Psychology Students of the Pamantasan ng Lungsod ng Maynila,432
Coping Mechanisms of mothers in dealing with child death at DSWD Ina Healing Center,433
Burnout and its relationship to academic motivation among senior high school students of Children of Mary Immaculate College,434
Stress profile of college homosexual students: basis of a burnout prevention program,435
Viewing internet memes as a coping mechanism to academic stress among senior high school students,436
Burnout level among selected male and female public high school teachers inputs to a burnout prevention program,437
"Garlands for sale: the exploration of lived experiences, struggles, and perception about sacrifice of sampaguita vendors in the City of Manila",438
Depression as correlates to self-efficacy among college students: inputs to mood management program,439
"Alcohol expectancies, drinking motives, and drinking behavior among undergraduate of college students in Manila",440
Relationship between psychological well-being and job satisfaction of nurses in selected public hospitals in Manila,441
Mental well-being and self-esteem of first year college students,442
Role of dogs in happiness and stress-reduction among first year College of Science students of Pamantasan ng Lungsod ng Maynila,443
Religiosity as Correlates to Academic Stress among College Students,444
A study on the resiliency against descrimination of selected LGBTQ Students,445
Self-efficacy as correlates to coping mechanisms among first-year college students,446
The Relationship between Resilience and Creativity among College Students,447
Long-term vs. short-term: adult attachment style between currently married couples of different marriage duration,448
"The perception towards romantic long-term relationships, marriage, and separation of Filipino millennials",449
"Gender roles, gender stereotypes, and sexism in the mind of young adults of Dagat-Dagatan Area",450
Birth order as correlates to aggression among young adults:basis for aggression enhancement program,451
A narrative study about social anxiety amongst fourth-year irregular students of the Pamantasan ng Lungsod ng Maynila,452
Perceived stress as a determinant of resilience among selected first-year students of the Psychology Department,453
Stress as correlates to self-efficacy among graduating college students of Pamantasan ng Lungsod ng Maynila,454
The correlation of stress with academic motivation of selected students of College of Science,455
Stress as Correlates to Life Satisfaction among Selected Nursing Students,456
Perceived stress and self-efficacy among selected first year college students,457
Fruits and Vegetables intake as Correlates to Happiness Among Adolescents,458
Parental Bonding as Correlates to Depression and Self-Esteem among Selected College Students: Inputs to Parental Relationship,459
Stress and Coping Strategies: Basis for Resiliency Program for Adolescents,460
Preferred Learning Style as a Predictor of the Academic Performance Among College Students,461
The Process of Coping of Filipino Adults Diagnosed with Epilepsy,462
Experiencing the Impact of Sexual Abuse on Forming Intimate Relationship,463
Exploring the Perceived Stress Level and Coping Strategy of First Year College Students,464
Exploring the Perceptions of Young Journalists on the Culture of Silence regarding Mental Health in the Journalism Industry,465
Chronic illness as correlates to psychological wellbeing among adults,466
"Depression, anxiety, and stress as correlate to emotional state among dentistry students",467
Communication Apprehension Among Selected Male and Female Freshman Students,468
The Mental Health Literacy as a Contributing Factor of Individual's Resiliency among Selected College Students,469
Emotional Intelligence of Persons Diagnosed with Lupus in Metro Manila,470
Family Structure and Mealtime as Correlates to Psychological Well-Being among Adolescents: Hasis for Nature- Nurture Program,471
The Relationship of Academic Resilience and Burnout Among College Students of Pamantasan ng Lungsod ng Maynila,472
The Nature of Parasocial Relationships in Kpop Fandom Culture,473
Perceived Social Support and Parasocial Relationship Among the Fans of Celebrities,474
Neurotic trends and self-esteem among adolescents: basis for personality enhancement program,475
Social Media Use as Correlates to Introversion and Extraversion: Basis for a Personality Development Program,476
Compliance to Opposing Beliefs among College Students,477
Relapse Coping Responses as Correlates to Level of Self-Esteem Among Selected Male Drug Dependents in a Rehabilitation Facility,478
Well-Being and Self-Esteem of Closeted and Disclosed Homosexuals Among Freshmen,479
Perceived Social Support on Academic Self-Efficacy,480
The Effect of YouTube Video Blogs (Vlogs) On Self-Esteem and Life Satisfaction Among Female Adolescents,481
The Attitudes toward Self-Esteem and the Perceptions of Resiliency among Female Prostitutes within the City of Manila,482
Perspective of college men on women's virginity,483
Absentee Parent as Correlates to Self-Esteem among Adolescents: Inputs to Personality Development Program,484
Sex Role as Correlates to Interpersonal Support among Adolescents: A Basis for Gender Awareness Program,485
Association of Pet Ownership and Psychological Well-Being among First Year College Students,486
Family Structure as Correlates to Self-Esteem and Life Orientation Among Adolescents: Basis for Personality Enhancement Program,487
Urban Versus Rural Living: Subjective Wellbeing of Young Adult Residents,488
Social Media Use as Correlates to Self-Esteem among Adolescents: Basis for Youth Empowerment Program,489
Entitlement Levels of Milennials vs Generation X in the Workplace,490
Personality as Correlates to Academic Procrastination among College Students,491
Students’ Perception on Parental Conflict and its Effect on their Academic Motivation,492
Demographic Profile as correlates to the relationship of Stress and Academic Self-Efficacy among Senior High School Students: Basis for Resiliency Program,493
Types of Academic Motivation as Correlates to Resilience of Undergraduate College Students of B.S. Computer Science in Pamantasan ng Lungsod ng Maynila,494
Psychological effects of having a broken family among teenagers,495
The concept of resilience of selected Filipino young adults from separated parents,496
The De-identification of The Later Born Child Towards Their Older Siblings Among Filipino Children,497
Self-Efficacy as Correlates to Optimism Among Homeschooled Students,498
Groomed to be “tough”: Perceived Parenting Styles as Correlates to Resilience of Selected College Students,499
"Measure of optimism levels in relation to resilience among single mothers in Sampaloc, Manila",500
The Impact of Korean Pop to the Motivation of College Students in Pamantasan ng Lungsod ng Maynila,501
Significance of birth order to self-esteem: basis for personality enhancement program,502
Fan Culture and The Phenomenon of Fandom Wars,503
Self-Efficacy and Academic Procrastination on Selected First Year College Students,504
Academic Motivation as Correlates to Academic Performance Among Irregular Students,505
Perceived Parenting Styles as Correlates to Academic Self-Efficacy of Selected College Students,506
Correlates of static working posture among office workers in selected schools along Parañaque City ,507
Tracer Study of PLM Bachelor of Science in Physical Therapy Graduates (Batch 2010-2015),508
Leisure-time physical activity of physical therapists and physical therapy interns ,509
Use of Recovery Strategies and its Perceived Benefits among Filipino Collegiate Team Sports Athletes,510
"Assessment of Health-Related Quality of Life Among COPD patients of selected Health Centers of District V, Manila City ",511
Perception on the use of Virtual Reality in Rehabilitation by Physical Therapists in Manila ,512
Perception of the first year Physical Therapy students from K-12 curriculum about the scope of Physical Therapy profession,513
Mixed Martial Arts Injuries and MMA Athlete Characteristics,514
Correlation of Academic Performance and Residency to Physical Therapist Licensure Exam Performance from 2014-2018,515
"Correlation of Levels of physical activity to Risk of falls among Elderly individuals in Intramuros, Manila: A Preliminary Report ",516
The Correlation of Dynamic Balance and Functional Movement among Male High School Basketball Athletes of National University ,517
The Context of Clinical Prediction Rules and Patient Rated Outcome Measures among Clinical Staff in PLM-CPT Affiliated Centers,518
"Psychometric Properties of Brief-BESTest on Apparently Healthy Community-dwelling Elderly in Intramuros, Manila ",519
Clinical Competency of PLM 5th year BSPT Students Batch 2018 as Perceived by PT Clinical Instructors,520
Prevalence of Musculoskeletal Injuries among Resident Professional Ballet Dancers in Cultural Center of the Philippines,521
Prevalence of Neck Pain among 3rd year to 4th year IT students of PLM,522
The Response of Individuals with De Quervain's Tenosynovitis to Different Treatment Approaches: A Preliminary Study,523
Association of sociodemographic and impairment-based variables with disability level of Manila City hall desk office individuals with non-specific chronic low back pain,524
Level of Satisfaction and Adherence towards Home Exercise Program after ACL Reconstruction,525
Relationship of Demographic Profile and Cardiopulmonary Endurance of Geriatric Population in the Philippine Local Community Setting,526
Use of Manual Therapy for LBP by PTs in Affiliated Centers of PLM A.Y 2016-2017,527
"Muscoloskeletal disorders among Secondary school teachers in Manila, Prevalence and Risk Factors: A Cross-sectional Study",528
Assesing Compliance of PLM Areas Commonly Accessed by PLM-CBR Patients to BP 344,529
Foam Roller Improved ROM and Decreased Pain Better Than Myofascial Release Among Finance Employees with Postural Neck Pain,530
Effects of Acupuncture in Quality of Life & Pain to Acute Nonspecific Low Back Pain,531
Level of Awareness of ALCU-NCR Women's Volleyball Athletes on Sports Physiotherapist's Role,532
"Knowledge, Confidence, Role Perception, barriers and Feasibility of Counseling Practice of Physical Activity Promotion Among Physical Therapy Interns",533
Extent of Application of EBP Process by PT clinicians in PLM-affiliated Institutions,534
Perception of Metro Manila Physiatrists regarding Dry Needling as a Physical Therapy Intervention,535
Physical activity and Health-related quality of life among selected licensed Physical therapist of Batch 2012 to 2016 from Pamantasan ng Lungsod ng Maynila,536
"Levels of Severity of Depression, Anxiety, and Stress in PLM BS Physical Therapy students",537
Clinical Education Background and Perceived Level of Expertise in Clinical Teaching of Clinical Instructors practicing in Manila and Quezon City based Rehabilitation Centers,538
Assessment of proper fit of wheelchairs used by Patients among Foundations in Manila and Quezon City,539
Prevalence of Ankle Sprain and Jumper's Knee among Competitive Collegiate Volleyball Players during Pre-season Training,540
"Level of Knowledge, Health, Beliefs and Prevalence of Risk Factors to Osteoporosis among Men residing in Intramuros, Manila",541
Prevalence of Musculoskeletal Symptoms among Pamantasan ng Lungsod ng Maynila College Students Hand Held Device Users,542
The Occurrences of Work-Related Musculoskeletal Disorders Among Sports Physical Therapists in Selected Cities of Metro Manila,543
Association of Demographic and Professional Profiles to Muscoloskeletal Disorders among Mountaineering Tour Guides in Mount Pamitinan,544
Self-reported use of Evidence Based Practice of Clinical Staff of Manila and Quezon City Based Centers,545
Relationship of the Status of Implementation and Level of Usefulness of Outcome Based Education among the 5th year Undergraduate Students of the College of Physical Therapy In Pamantasan ng Lungsod ng Maynila,546
Driving Posture risk and Prevalence of WRMSD symptoms among tricycle drivers of BLUESCA TODA,547
Qualitative Analysis of Off-Season Resistance Training Program of Riptide Dragon Boat Team,548
Learning Styles of Undergraduate Physical Therapy Students in Pamantasan ng Lungsod ng Maynila,549
Recovery Strategies used by Filipino Taekwondo Athletes and Coaches,550
Immediate effects of kinesio taping on grip strength of stroke survivors,551
Health-related Quality of Life and Functional Status of Patients with Muscular Dystrophy,552
A Comparative Study Of The Implementation Of Essential Intrapartum Newborn Care In Selected Hospitals: A Basis For An Enhancement Program,553
"UBE Express, Inc. A Strategic Management Paper",554
Strategic Management Paper for New Rural Bank of San Leonardo Nueva Ecija Inc. ,555
"National Market Penetration Strategy for IPSolutions, Inc..",556
LGC Logistics Inc. ,557
Metropolitan Bank and Trust Company ,558
Social Security System,559
Royal Cargo Inc.: The Total Logistics Provider,560
A Strategic Management Paper for CSF Enterprise,561
A Strategic Management Paper for Greenmar Philippines Incorporated,562
SL Agritech Corporation,563
A Strategic Management Paper for Boon Prints Enterprises,564
"Market Development Strategies for Profit Maximization: Retail Associates, Inc. ",565
Market Penetration Strategy of Mitsubishi Motors Philippines Corporation,566
A Strategic Management Paper for Heidelprint Corporation,567
"A Strategic Management Paper for Adtukart, Inc. ",568
Strategic Management Paper for Development Bank of the Philippines,569
"The Strategic Management Paper on GO21, Inc. ",570
A Strategic Management Paper on Guhring Philippines Inc. ,571
A Business Strategy of Frabelle Shipyard Corporation ,572
A Strategic Management Paper for Yu Villar Tadeja and Co. ,573
"Intensive and Integration Strategies for DBP Data Center, Inc. ",574
A Strategic Management Paper for Isagani G. Dominguez & Associates,575
Dynamic Approach to Digital Banking Through Innovation: Strategic Management Plan for Landbank of the Philippines ,576
Strategic Management IJP Pharma Corporation,577
Strategic Management Paper for Manila Jockey Club Inc. ,578
FCF Minerals Corporation ,579
Goldmine Rice Marketing Growth Strategy: Vertical Forward Integration,580
"A Strategic Management Paper for Tricom Dynamics, Inc. ",581
Strategic Management Paper on Motortrade Nationwide Corporation,582
A Cost-Plus Model Strategy for Prople BPO Inc. ,583
Bank of Commerce: Attaining the Vision,584
"Integrated Waste Management, Inc. ",585
Strategic Management Paper for Grand Plaza Hotel Corporation,586
A Strategic Management Paper for Commonwealth Insurance Company,587
Lina Farm & Food Services Corp. ,588
"An Analysis of the ERP Industry in the Philippines and its Effects to the Strategies of Infosoft International Solutions, Inc. ",589
"A Strategic Management Paper for Elite Boxing and Fitness, Inc. ",590
"A Strategic Management Paper for Much Prosperity Trading International, Inc. ",591
"Cargohaus, Inc. ",592
Philippine Airlines ,593
"A Strategic Management Paper for Mang Inasal Philippines, Inc. ",594
Silver Finance Inc. Sustainability Strategy: Backward Integration,595
"GM Bank of Luzon, Inc. ",596
Food Parks in the Philippines: A Strategic Entrepreneurial Management Framework ,597
Marketing Mix of Selected Restaurants of Food Parks in Quezon City towards the Development of Strategic Framework ,598
Efficiency of Operational Functions in the Hotel Industry in Metro Manila: Enhancing Customer Experience,599
Strategic Management Paper for Chesteel marine & Industrial Corporation ,600
Fiscal Fitness Analysis of the Liberalized Airline Industry in the Philippines as basis for the Strategic Framework in Enhancing their Financial Performance ,601
"Revisiting the Place Branding of the City of Malolos ""Vamos a Malolos"": Basis for Public Relations Plan ",602
Assessment of Communication Strategies and Extent of Involvement of Students in Program of Activities: Basis for a Proposed Communication Plan ,603
Organizational Climate in a Japanese-established Online English Tutorial Company,604
An Analysis of the Performance in the National Achievement Test in Mathematics (NAT-Math) of Schools in the Division of Manila for School Years 2003-2015 ,605
Comparative Analysis of Range and Endurance using Approximation Method and Flow Simulation ,606
The Phenomenology of Pinoy Elderly at Home Care ,607
Sociodemographic Profile as Correlates to Self-Concept and Five Personality Dimensions: Basis for Enhanced Guidance Program,608
NCBTS-TSNA Teacher Competencies of Private High Schools: Basis for Professional Educational Training,609
The Writing Proficiency of Filipino Seafarers Towards an Enriched Maritime English Program,610
Learning Competencies in Araling Panlipunan and Quipper School Towards Creating a Remedial Program,611
Transformational Leadership Behavior of Academic Heads and Teaching Performance Offaculty Members: A Proposed Enhancement Training Workshop,612
The Relationship of Academic Performance to Parenting Style and Self-Esteem Among Adolescents: Basis for a School Counseling Program,613
"Socio-Demographic Profile as Correlates to Attachment Styles Sexual Risk, and Its Coping Strategies: Basis for Holistic Wellness Program",614
Development and Validation of Empathy-Induced Altruism Scale,615
Depression Profile as Correlates to Drinking Motives and Alcohol Consumption Among Adolescents: Basis for Preventive Counseling Program,616
Relationship Between Dominant Personality Traits and Job Satisfaction Among Filipino Seafarers: Basis for Productivity Enhancement,617
Personality Profile as Correlates to Resources of Resiliency Among Sexually Abused Adolescents: Basis for Wellness Management Program,618
Emotional Quotient as Correlates to Mental Health Inventory: Basis for a Wellness Program for Morticians,619
The Relationship of Sociodemographic Profile to the Symptoms of Anxiety and Levels of Depression Among Young Elderly: Basis for Holistic Gerontological Intervention,620
Depression Sub-scales as Predictors of Suicide Potential: Basis to Enhance the Guidance Program for the Youth,621
Basic Personality Traits and Psychological Well-Being of Filipino Seafarers: Basis for Maritime Health Care Program,622
Psychological Attributes as Correlates to Ego Integrity Levels: Basis for Gerontological Intervention Program Among Imprisoned Women,623
"The Relationship Among Levels of Aggression, Personality Domains and Bullying of College Students: Basis for Counselling Program",624
Work Competency of Management Level Ship Officers: Basis for Company Enhancement Training Program,625
Core Values Awareness on Organizational Commitment as Correlates to Employees Citizenship: Basis for Leadership Training Program,626
Coping Styles As Correlates to Level of Perceived Stress and Personality Traits: Basis for Rehabilitative Intervention Program for the Youth,627
Self-Concept as Correlates to Emotional Quotient: Basis for Counselling Program for Children,628
Work Values Profile As Correlates to Job Performance among Employees: Basis for Training Program for Blue Collar Workers,629
Phenomenology of Workplace Culture Adaptation of Filipino Female Overseas Workers,630
Internal Employability as Correlates to retention Constructs: Basis for Career Enhancement Program,631
Personality Profile as Correlates to Job Performance: Basis for Career Training Program,632
Organizational Commitment and Emotional States as Correlates to Employee Performance: Basis for an Enhanced Performance Development Program,633
Relationship of Employee Engagement and Personal Effectiveness: Basis Human Resource Training Program,634
Employee Commitment as Correlates to Job Satisfaction and Work Productivity: Basis for an Enhanced Rewards and Recognition Management,635
Psychological Capital and Happiness Level as Correlates to Job Performance: Basis for Enhanced Faculty Development Program,636
Relationship Mentoring and Resiliency in Workplace Basis for Proposed Employee Career Program,637
Resiliency as Correlates to Organizational Commitment Among Millenial Employees: Basis for Proposed retention Program,638
Employees Performance as Correlates to Level of Commitment: Basis for Career Training program,639
Learners' carbon footprint as basis for developing energy sustainability action plan,640
Teaching central dogma of molecular biology using an outcome-based education integrated learning system : effects to student academic achievement,641
Out-of-field teaching and its impact to academic performance of Grade 9 Biology learners,642
Science teachers' competence towards an enhanced professional development plan,643
"Strategy for improving the business of RVN Construction and Trading Int'l., Inc.",644
"A strategic management paper for Col Financial Group, Inc.",645
Strategic management paper for Ferra Hotel Premiere by JG managed by Hospitality Business Group Inc,646
Strategic management paper on Candy Mix,647
Modagraphics Builders Corporation,648
A strategic management paper for Infinity Pharmaceutical Corporation,649
A strategic management paper for Exponent Controls and Electrical Corporation,650
"UBE Media, Inc.",651
Strategic management paper : Kabayan Hotel,652
DBP Leasing Corporation intensive strategic position,653
A strategic management for MCG Footwear Inc.,654
Dynamic Outsource Solutions I (DOS1),655
Online banking system of universal banks to efficiently enhance customer satisfaction,656
A strategic management paper for Radio Corporation of the Philippines,657
A strategic management paper for Entity E,658
"Federal Express Pacific, Inc. strategy : market penetration and service development",659
"Alpha Techno Precision Toolings, Inc",660
A strategic management paper for AXXIS Resources and Development Corporation,661
UCPB Gen : market expansion on non-life insurance thru Bancassurance partnership and microinsurance penetration,662
Philippine National Bank,663
A strategic management paper for Feedmix Processing Corporation,664
PC Master Race - An Android Mobile Apllication for Desktop PC Assembly Using AR,665
PaciFish: A Real-Time Water Quality Monitoring Application with GIS based Mapping for Bureau of Fisheries and Aquatic Resources in Fish Farming using Arduino Devices,666
Enhancement of HKemobility Application,667
The Development of a Key Helmet Authentication System with GPS Tracking Module for Motorcycles in Metro Manila,668
Curfew Monitoring using Arduino and GPS,669
JLearn: A Mobile Application that provides hands-On Experience for Nihongo Learners,670
Applayan: A Job Posting Mobile Application for Job Matching and Caravan Route Mapping,671
Reverb: An Artificial Intelligence Mobile Application to Screen Symptoms of Depression Using Context Analysis and Speech Recognition,672
NullPest: A Mobile Application of Agricultural Pest Locator Using SONAR Sensor Set-Up,673
ISKOLOCK: A Mobile Security Application for School Based Locker Monitoring System,674
QRx: QR Code for Medical Prescription with Mobile Scanner in the Pharmacy,675
PUrse: A Blood Pressure Measuring Device with the use of Microcontroller Connected to a Smartphone,676
An Enhancement of Fake News Detector Using Bayesian Neural Network,677
The Wastelander: An Adaptive Adventure-Educational Single Player Side-Scrolling Game About Solid Waste Management,678
APParenting: A Mobile Application for Parents of Children with Autism Spectrum Disorder using Wearable Device,679
"Lead the Way: An Application that Trains, Enhances and Monitors your Soft Skills in Leadership using Virtual Simulations",680
Heat Stroke Prevention using Arduino Sensors and Android Application with Notification,681
Versatile Vessel: An Adaptive Container for Fruits and Vegetables with Spoilage Detection using Raspberry Pi and Mobile Application,682
Helders: Mobile Healthcare Application Integrated In A Wearable Device to Help Elders,683
SIS: A Data Analytics for Online Shopper's Buying Behaviour Using A Mobile Self-Learning Intelligence Chatbot Application,684
Acci-don't: An Android Based Geographical Information System that Alerts the User when Entering an Accident-Prone Road Location,685
DULA: An Instructional 3D desktop application that helps kids with ADHD adapt their problems in school or at home,686
InfoTattoo: A Mobile Application on Kalinga Tribe Batok Culture with Assessment using Augmented Reality,687
LessQueue: A Swift Fast Food Ordering System Using Android Application,688
Leptospirosis Detector: The Development of Arduino Device that Monitors the Potential Presence of the Leptospira Bacteria in Floods,689
GUNFU: The Development of Gun Authentication System using Fingerprint Recognition for Monitoring of Licensed Firearms for the Philippine National Police,690
Ground Zero: The Development of GIS Incident Reporting System for Civilians and Barangay Tanods,691
The Development of Water Conservation System with Leakage Detection in Maynilad Provided Residential Areas using Arduino,692
CARing: An Android Based Mobile Application for Basic Car Maintenance Using Augmented Reality,693
Mathified: An Android Mobile Application to help High School Students Overcome their Mathematical Anxiety,694
PureAIRification: Air Monitoring System Using Proportional Integral Derivative Alorithm,695
The Development of Mobile-based Traffic Violation E-Ticketing System for Private Utility Vehicle Drivers,696
Chatbot-Virtual Support System with Data Analysis Using Artificial Intelligence Applied for People who have Anoerixia and Builimia,697
Electronic Logbook Recording Mobile Application for Residential Areas and License Plate using Raspberry Pi and ID Scanner,698
PLARVIS: Mobile Application with GIS-based Mapping for Philippine Herbal Plants,699
INTELORA: An Open-Source Integrated Intelligent Personal Assistant Development Platform,700
FireDroid: Android Home-Based Fire Report and Protection With Smoke Sensor Detector Through Arduino,701
EyeWork: A Remote PC Monitoring Over an Employee Work Using Android Application,702
A Predictive Analysis with Decision Support System for Licensure Examination Performance Applied at Pamantasan ng Lungsod ng Maynila - Civil Engineering Department,703
The Development of an Android-Based Augmented Reality Game for Kindergarten Pupils in Learning Science using Mother Tongue,704
HELDERS: MOBILE HEALTHCARE APPLICATION INTEGRATED IN A WEARABLE DEVICE TO HELP ELDERS,705
Real-time Waterborne Disease Detection using Arduino Sensors with Automatic Water Filter using Reverse Osmosis,706
Parability: A Motion Based Conveyor with Patient Monitoring System for Paralytic Person,707
S-COME: A Mobile Application for Monitoring Sugar Content in Any Beverages,708
PUrse: A Blood Pressure Measuring Device with the use of Microcontroller Connected to a Smartphone,709
Mizu: A Real-time Mobile Monitoring Application for Residential House Water Usage and Consumption Using Arduino Devices,710
EURICA: An Android Application for Monitoring Hyperaucemia,711
TrashVen: An Automated Waste Segregation and Monitoring System of Waste Products,712
TRUEPOTENTIAL: WEB APPLICATION THAT PREDICTS INCOMING SENIOR HIGH STUDENTS' POSSIBLE TRACK USING DATA MINING APPLIED TO RAJAH SOLIMAN SCIENCE AND TECHCNOLOGY HIGH SCHOOL,713
D.O.S. (Dos' on Self Defense): A Game of Self-Defense on Crime using Virtual Reality with Controller,714
AUTAPP: Mobile Game Application for Therapy and Development Monitoring in Children with Autism Spectrum Disorder,715
Serbisyo-On-The-Go: An Android-based Mobile Application for On-Demand Renting of Short-Term Elementary and Service Workers,716
Dressing Booth: An Augmented Reality Clothing for Online Shoppers Using Content-Based Algorithm for Product Reccomendations,717
My Derma: FURTHER ENHANCEMENT OF A SKIN DISEASE DETECTION INNOVATION USING IMAGE PROCESSING IN A MOBILE APPLICATION,718
DRIVE ME CRAZY: AN ANTI-DRUNK DRIVING SYSTEM WITH VEHICULAR SAFETY USING ARDUINO MICROCONTROLLER,719
FLOOD RESPONSE MOBILE APPLICATION USING ARDUINO,720
SPECTRUM: The Development of an Application that Helps Graphic and Interior Designers to Know the Importance of Color in Business,721
